{
  "project_info": {
    "project_number": "262845689823",
    "project_id": "mobile-apps-hw1-a1d6d",
    "storage_bucket": "mobile-apps-hw1-a1d6d.appspot.com"
  },
  "client": [
    {
      "client_info": {
        "mobilesdk_app_id": "1:262845689823:android:811d15d6b6db8d6a011e6a",
        "android_client_info": {
          "package_name": "com.example.hw2"
        }
      },
      "oauth_client": [],
      "api_key": [
        {
          "current_key": "AIzaSyDYIlE2U0GcVLS336e4n9kkl6vq4Q-YKDQ"
        }
      ],
      "services": {
        "appinvite_service": {
          "other_platform_oauth_client": []
        }
      }
    }
  ],
  "configuration_version": "1"
}